,,CDE_ID_3226963,age_at_initial_pathologic_diagnosis,pathologic_stage,neoplasm_histologic_grade,residual_tumor,year_of_initial_pathologic_diagnosis,SEX,RACE,OS_MONTHS,OS_STATUS,Score,Group,RID,Grade,mRNA Moffitt clusters (76 High Purity Samples Only)  1basal  2classical,mRNA Moffitt clusters (All 150 Samples) 1basal  2classical,mRNA Collisson clusters (All 150 Samples) 1classical 2exocrine 3QM,mRNA Bailey Clusters (All 150 Samples) 1squamous 2immunogenic 3progenitor 4ADEX,miRNA Clusters (All 150 Samples),lncRNA Clusters (All 150 Samples),KRAS Mutated (1 or 0),CDKN2A Status,CDKN2A Expression,Mutated SMGs,Mutated PanCan Genes,,S1,S2,
P1,TCGA-IB-AAUO-01,MSS,64,Stage IIB,G3,R1,2013,Female,WHITE,7.85,DECEASED,-1.258251718,3,TCGA-IB-AAUO-01,Grade 3 ,BASAL,BASAL,QM,SQUAMOUS,1,2,KRASMUT,,0.174690832,KRAS,"KRAS, IDH2, BRCA1, FAT1, COL5A1",A_1_PDUI,665.5,0.552282158,0.870620256
P10,TCGA-IB-A5ST-01,MSS,64,Stage IIB,G2,R0,2012,Female,WHITE,20.86,LIVING,-2.010895449,1,TCGA-IB-A5ST-01,Grade 2 ,LowPurity,CLASSICAL,QM,IMMUNOGENIC,1,2,KRASMUT,,0.461135213,"KRAS, TP53","KRAS, TP53, NUP210L, DIAPH1",A_10_PDUI,615.46,0.510755187,-0.701896112
P100,TCGA-HZ-8636-01,MSS,58,Stage IV,G3,R1,2012,Female,WHITE,17.9,DECEASED,-1.23835226,3,TCGA-HZ-8636-01,Grade 2 ,CLASSICAL,CLASSICAL,QM,IMMUNOGENIC,2,2,KRASMUT,Deleted,0.348329016,"TP53, KRAS","TP53, KRAS, MTOR",A_100_PDUI,628.32,0.521427386,-0.297768205
P101,TCGA-HZ-A77O-01,MSS,77,Stage IIB,G2,R0,2013,Female,WHITE,5.26,DECEASED,-2.395566962,1,TCGA-HZ-A77O-01,Grade 3 ,BASAL,BASAL,EXOCRINE,ADEX,3,2,KRASMUT,Mutated,2.930560079,"KRAS, TP53, CDKN2A","KRAS, TP53, CDKN2A",A_101_PDUI,622.92,0.516946058,-0.467464216
P102,TCGA-IB-A5SQ-01,MSI-L,56,Stage IB,G2,R0,2012,Female,WHITE,7.19,DECEASED,-1.412139554,2,TCGA-IB-A5SQ-01,Grade 3 ,LowPurity,BASAL,QM,IMMUNOGENIC,2,2,KRASMUT,,0.449111701,0,"BRAF, SMARCA4, NSD1, BCLAF1",A_102_PDUI,645.94,0.536049793,0.255943594
P103,TCGA-XD-AAUH-01,MSS,57,Stage IIB,G2,R2,2013,Female,WHITE,12.98,LIVING,-0.622368261,4,TCGA-XD-AAUH-01,Grade 3 ,LowPurity,BASAL,QM,IMMUNOGENIC,2,2,KRASMUT,,0.825554669,"TP53, KRAS","TP53, KRAS",A_103_PDUI,639.4,0.530622407,0.05042287
P104,TCGA-XD-AAUL-01,MSS,56,Stage IIA,G2,R0,2013,Male,WHITE,16.36,LIVING,-1.273392289,3,TCGA-XD-AAUL-01,Grade 2 ,BASAL,BASAL,CLASSICAL,SQUAMOUS,2,2,KRASMUT,,0.063893023,"KRAS, TP53","KRAS, TP53, DNMT3A",A_104_PDUI,617.62,0.512547718,-0.634017708
P105,TCGA-IB-AAUP-01,Indeterminate,68,Stage IIB,G2,R1,2013,Male,WHITE,14.16,LIVING,-1.19169889,3,TCGA-IB-AAUP-01,Grade 2 ,LowPurity,CLASSICAL,QM,IMMUNOGENIC,1,2,KRASMUT,,0.065208353,KRAS,"KRAS, MXRA5",A_105_PDUI,624.4,0.518174274,-0.420954939
P106,TCGA-HZ-7919-01,MSS,52,Stage IIB,G2,R1,2011,Female,WHITE,19.48,DECEASED,-1.522378445,2,TCGA-HZ-7919-01,Grade 2 ,CLASSICAL,CLASSICAL,CLASSICAL,PROGENITOR,2,1,KRASMUT,Deleted,0.096104662,"KRAS, SMAD4, RNF43","KRAS, SMAD4",A_106_PDUI,595.94,0.496616667,-1.237284408
P107,TCGA-IB-7652-01,MSS,49,Stage IIB,G2,R1,2011,Female,ASIAN,36.66,LIVING,-1.376914151,2,TCGA-IB-7652-01,Grade 2 ,CLASSICAL,CLASSICAL,EXOCRINE,ADEX,2,2,KRASMUT,,0.234024479,"KRAS, TP53","KRAS, TP53, COL5A3, FLG",A_107_PDUI,591.48,0.491670823,-1.424570407
P108,TCGA-HZ-7920-01,MSS,71,Stage IB,G2,R0,2011,Male,WHITE,7.75,DECEASED,-1.496144715,2,NA,NA,NA,NA,NA,NA,NA,2,KRASMUT,NA,NA,NA,NA,A_108_PDUI,601.24,0.501451209,-1.054213086
P109,TCGA-IB-A5SO-01,MSS,71,Stage IIB,G2,R0,2012,Male,WHITE,11.99,DECEASED,-1.980952081,1,TCGA-IB-A5SO-01,Grade 2 ,LowPurity,CLASSICAL,CLASSICAL,IMMUNOGENIC,2,2,KRASMUT,,0.224078485,"KRAS, TP53, GNAS, TGFBR2","KRAS, TP53, DNMT3A, TGFBR2",A_109_PDUI,616.3,0.511452282,-0.675498955
P11,TCGA-2J-AABA-01,MSS,55,Stage IIB,G2,R1,2012,Male,WHITE,19.94,DECEASED,-1.131987116,3,TCGA-2J-AABA-01,Grade 2 ,CLASSICAL,CLASSICAL,CLASSICAL,PROGENITOR,1,2,KRASMUT,,0.051180024,"SMAD4, ARID1A, RREB1","NF1, SMAD4, ARID1A, DNMT3A, FBXW7",A_11_PDUI,649.51,0.539012448,0.368131512
P110,TCGA-HZ-7924-01,MSS,60,Stage IIA,G2,R0,2011,Female,WHITE,27.6,LIVING,-1.450753078,2,NA,NA,NA,NA,NA,NA,NA,2,KRASMUT,NA,NA,NA,NA,A_110_PDUI,589.22,0.488979253,-1.526493025
P111,TCGA-PZ-A5RE-01,MSS,44,Stage IIB,G3,,2012,Female,WHITE,15.44,DECEASED,-2.409548486,1,TCGA-PZ-A5RE-01,Grade 3 ,CLASSICAL,CLASSICAL,CLASSICAL,PROGENITOR,2,2,KRASMUT,Deleted,0.11888906,"KRAS, TP53, SMAD4","KRAS, TP53, SMAD4, AZGP1, CCDC120",A_111_PDUI,641.37,0.532257261,0.112330489
P112,TCGA-3A-A9I9-01,MSS,67,Stage IIA,G2,R0,2011,Male,WHITE,20.83,DECEASED,-1.220545903,3,TCGA-3A-A9I9-01,Grade 3 ,LowPurity,CLASSICAL,EXOCRINE,ADEX,3,2,KRASMUT,,1.091952407,"KRAS, TP53, RREB1","POLE, KRAS, CDC27, TP53, PPP2R1A, FAT1",A_112_PDUI,699.41,0.580423237,1.936248355
P113,TCGA-LB-A9Q5-01,MSS,63,Stage IIB,G3,R0,2013,Female,WHITE,10.28,DECEASED,-2.406564282,1,TCGA-LB-A9Q5-01,Grade 3 ,LowPurity,BASAL,EXOCRINE,ADEX,3,1,KRASMUT,,0.36921136,"KRAS, TP53, SMAD4","KRAS, TP53, SMAD4",A_113_PDUI,596.66,0.497216667,-1.214563998
P114,TCGA-IB-7893-01,MSS,64,Stage IIA,G3,R0,2009,Male,WHITE,3.84,DECEASED,-2.082357044,1,TCGA-IB-7893-01,Grade 3 ,LowPurity,BASAL,QM,SQUAMOUS,1,2,KRASMUT,Deleted,0.1505303,"KRAS, TP53","KRAS, TP53",A_114_PDUI,579.38,0.486465155,-1.621695247
P115,TCGA-HZ-7918-01,MSS,72,Stage IIB,G3,R0,2011,Male,WHITE,31.83,LIVING,-1.334429399,3,NA,NA,NA,NA,NA,NA,NA,2,KRASMUT,NA,NA,NA,NA,A_115_PDUI,578.55,0.485360738,-1.663516596
P116,TCGA-IB-AAUW-01,Indeterminate,63,Stage IIB,G3,R0,2013,Female,WHITE,7.56,DECEASED,-1.227267558,3,NA,NA,NA,NA,NA,NA,NA,2,KRASMUT,NA,NA,NA,NA,A_116_PDUI,635.14,0.527087137,-0.083448428
P117,TCGA-2J-AABF-01,MSS,73,Stage IIB,G3,R1,2012,Male,WHITE,22.7,DECEASED,-1.225806901,3,TCGA-2J-AABF-01,Grade 3 ,LowPurity,CLASSICAL,EXOCRINE,PROGENITOR,2,2,KRASMUT,Mutated,1.05103528,"KRAS, TP53, CDKN2A","TCP11L2, KRAS, TP53, CD1D, APC, CNBD1, CDKN2A",A_117_PDUI,627.26,0.520547718,-0.331078903
P118,TCGA-S4-A8RM-01,MSS,67,Stage IIB,G3,R0,2013,Male,WHITE,24.21,LIVING,-0.932580596,4,TCGA-S4-A8RM-01,Grade 2 ,CLASSICAL,CLASSICAL,CLASSICAL,PROGENITOR,2,2,KRASMUT,Deleted,0.118784075,"SMAD4, KRAS, RNF43","SMAD4, KRAS",A_118_PDUI,627.43,0.521121262,-0.309360288
P119,TCGA-3A-A9I5-01,MSS,57,[Discrepancy],G1,R0,2009,Male,WHITE,58.94,LIVING,-0.799554821,4,TCGA-3A-A9I5-01,Grade 2 ,CLASSICAL,CLASSICAL,EXOCRINE,ADEX,1,2,KRASMUT,Methylated/Deleted,0.616588263,0,"MUC17, U2AF1",A_119_PDUI,709.81,0.589053942,2.263070302
P12,TCGA-HZ-7922-01,Indeterminate,61,Stage IIB,G1,R0,2011,Female,WHITE,0.13,LIVING,-1.548115942,2,TCGA-HZ-7922-01,Grade 3 ,CLASSICAL,CLASSICAL,EXOCRINE,ADEX,2,2,KRASMUT,Deleted,0.047504874,"KRAS, TP53","TBC1D12, KRAS, ARID2, NCOR1, TP53",A_12_PDUI,575.67,0.479725,-1.876927072
P120,TCGA-US-A77J-01,Indeterminate,81,Stage IIB,G2,R0,2010,Female,WHITE,18.66,DECEASED,-1.946181249,1,NA,NA,NA,NA,NA,NA,NA,NA,NA,NA,NA,NA,NA,A_120_PDUI,645.93,0.536041494,0.255629342
P121,TCGA-IB-AAUR-01,Indeterminate,67,Stage IIB,G1,R1,2013,Male,WHITE,11.1,LIVING,-0.895736339,4,TCGA-IB-AAUR-01,Grade 2 ,LowPurity,BASAL,QM,IMMUNOGENIC,1,2,KRASMUT,,1.555461537,"KRAS, SMAD4, ARID1A","KRAS, MGA, SMAD4, ARID1A",A_121_PDUI,621.92,0.516116183,-0.498889403
P122,TCGA-3A-A9IU-01,MSS,65,Stage IIB,G3,R0,2011,Male,WHITE,15.05,DECEASED,-1.952399571,1,TCGA-3A-A9IU-01,Grade 3 ,BASAL,BASAL,EXOCRINE,SQUAMOUS,1,2,KRASMUT,Mutated,1.727485402,"KRAS, TP53, CDKN2A, ARID1A","KRAS, TP53, CDKN2A, ARID1A",A_122_PDUI,605.2,0.502240664,-1.024318533
P123,TCGA-IB-AAUQ-01,MSS,50,Stage IIB,G2,R1,2013,Male,WHITE,6.01,DECEASED,-1.692337627,2,TCGA-IB-AAUQ-01,Grade 3 ,LowPurity,BASAL,QM,SQUAMOUS,1,2,KRASMUT,,4.136902169,"KRAS, TP53","KRAS, TP53",A_123_PDUI,670.97,0.556821577,1.04251603
P124,TCGA-FB-AAQ3-01,MSS,65,Stage IIB,G2,R0,2010,Female,WHITE,1.02,DECEASED,-1.154297118,3,TCGA-FB-AAQ3-01,Grade 2 ,CLASSICAL,CLASSICAL,EXOCRINE,PROGENITOR,1,2,KRASMUT,Deleted,0.16991019,"SMAD4, KRAS","SMAD4, KRAS, SETD2, STAG2, U2AF1",A_124_PDUI,716.89,0.596414309,2.541787921
P125,TCGA-HV-AA8X-01,MSI-L,75,Stage IIB,G2,R2,2013,Female,ASIAN,17.48,DECEASED,-1.780386447,1,TCGA-HV-AA8X-01,Grade 1 ,CLASSICAL,CLASSICAL,CLASSICAL,PROGENITOR,2,2,KRASMUT,,0.690562204,"KRAS, TP53, SMAD4","KDM6A, KRAS, TP53, SMAD4, ALPK2",A_125_PDUI,621.73,0.516387043,-0.488632629
P126,TCGA-IB-A5SS-01,MSS,64,Stage IIB,G3,R0,2011,Female,WHITE,15.11,DECEASED,-2.161773641,1,TCGA-IB-A5SS-01,Grade 3 ,BASAL,BASAL,QM,SQUAMOUS,1,2,KRASMUT,Mutated,0.511862325,"SMAD4, KRAS, TP53, CDKN2A","SMAD4, KRAS, TP53, CDKN2A",A_126_PDUI,592,0.491694352,-1.423679417
P127,TCGA-FB-AAQ6-01,MSS,85,Stage IA,G2,R0,2011,Male,WHITE,8.02,DECEASED,-1.138624952,3,TCGA-FB-AAQ6-01,Grade 2 ,CLASSICAL,CLASSICAL,CLASSICAL,PROGENITOR,2,2,KRASMUT,Methylated,0.241567569,"KRAS, TP53, SMAD4, TGFBR2, RREB1","GOT1, KRAS, TP53, SMAD4, EP300, TGFBR2",A_127_PDUI,665.38,0.552182573,0.866849234
P128,TCGA-LB-A8F3-01,MSS,64,Stage IIA,G1,R0,2013,Female,BLACK OR AFRICAN AMERICAN,12.45,LIVING,-1.263184377,3,TCGA-LB-A8F3-01,Grade 3 ,CLASSICAL,CLASSICAL,EXOCRINE,ADEX,3,2,NO,Deleted,0.679444062,0,STAG2,A_128_PDUI,679.7,0.56406639,1.316857915
P129,TCGA-IB-8127-01,MSS,59,Stage IIB,G2,R1,2011,Male,WHITE,17.15,LIVING,-1.570961458,2,TCGA-IB-8127-01,Grade 2 ,BASAL,BASAL,EXOCRINE,SQUAMOUS,2,2,KRASMUT,Mutated,1.237522532,"KRAS, RNF43, TP53, CDKN2A","ATM, KRAS, ERBB2, TP53, FLG, IRF4, CDKN2A",A_129_PDUI,635.64,0.527502075,-0.067735834
P13,TCGA-FB-AAPS-01,MSS,62,Stage IIB,G2,R0,2008,Female,WHITE,7.49,LIVING,-1.520908443,2,TCGA-FB-AAPS-01,Grade 3 ,BASAL,BASAL,EXOCRINE,IMMUNOGENIC,1,2,KRASMUT,,0.902462623,"KRAS, TP53, RREB1","KRAS, TP53, SETD2",A_13_PDUI,659.64,0.547419087,0.686468659
P130,TCGA-IB-7889-01,MSS,85,Stage IIB,G1,R0,2011,Female,WHITE,15.8,DECEASED,-1.871305852,1,TCGA-IB-7889-01,Grade 2 ,LowPurity,BASAL,EXOCRINE,ADEX,2,2,KRASMUT,Mutated,0.34091672,"KRAS, TP53, SMAD4, CDKN2A","KRAS, FOXA1, NF1, TP53, SMAD4, RIT1, FOXQ1, CDKN2A",A_130_PDUI,611.12,0.509266667,-0.758262423
P131,TCGA-HZ-A8P1-01,MSS,81,Stage IB,G1,R0,2013,Male,WHITE,0.23,LIVING,-1.126630749,3,TCGA-HZ-A8P1-01,Grade 2 ,CLASSICAL,CLASSICAL,CLASSICAL,PROGENITOR,2,2,KRASMUT,,0.590009702,"SMAD4, ARID1A, KRAS, PBRM1","SMAD4, ARID1A, KRAS, PBRM1, CDC27",A_131_PDUI,651.32,0.540514523,0.425011101
P132,TCGA-HV-A5A4-01,MSS,72,Stage IIA,G2,,2012,Female,ASIAN,7.62,LIVING,-0.981668559,4,TCGA-HV-A5A4-01,Grade 2 ,CLASSICAL,CLASSICAL,CLASSICAL,PROGENITOR,2,2,KRASMUT,Deleted,0.182848518,"KRAS, SMAD4","KRAS, SMAD4",A_132_PDUI,654.09,0.542813278,0.51205887
P133,TCGA-2J-AABK-01,MSS,71,Stage IIB,G2,R1,2012,Male,WHITE,15.9,LIVING,-0.696057133,4,TCGA-2J-AABK-01,Grade 2 ,LowPurity,CLASSICAL,EXOCRINE,PROGENITOR,2,2,KRASMUT,Mutated,0.810163807,"KRAS, TP53, CDKN2A","KRAS, TP53, BRAF, CDKN2A",A_133_PDUI,684.42,0.567983402,1.465184798
P134,TCGA-F2-A7TX-01,MSS,77,Stage IIB,G3,R1,2013,Male,WHITE,3.12,DECEASED,-2.055070133,1,TCGA-F2-A7TX-01,Grade 3 ,LowPurity,BASAL,EXOCRINE,ADEX,3,2,KRASMUT,,1.360673836,"KRAS, TP53, ARID1A","KRAS, TP53, ARID1A, SLC1A3, RXRA, ATM",A_134_PDUI,610.56,0.507531172,-0.823981006
P135,TCGA-FB-AAPZ-01,MSS,54,Stage IIB,G3,R0,2008,Male,WHITE,23.52,LIVING,-0.658607593,4,TCGA-FB-AAPZ-01,Grade 2 ,BASAL,BASAL,EXOCRINE,SQUAMOUS,2,1,KRASMUT,Deleted,0.215962077,"KRAS, TP53, GNAS","KRAS, TP53, RHOA",A_135_PDUI,635.67,0.527526971,-0.066793079
P136,TCGA-XN-A8T3-01,Indeterminate,67,Stage IB,G2,R1,2012,Male,WHITE,31.24,LIVING,-0.878758272,4,TCGA-XN-A8T3-01,Grade 2 ,LowPurity,BASAL,EXOCRINE,ADEX,1,2,KRASMUT,Deleted,0.157915681,"KRAS, TP53","MYCN, KRAS, TP53, CDC27",A_136_PDUI,650.43,0.539775934,0.397042685
P137,TCGA-HZ-A4BH-01,MSS,75,Stage IIB,G3,R1,2011,Male,WHITE,6.37,LIVING,-0.725819513,4,TCGA-HZ-A4BH-01,Grade 3 ,LowPurity,BASAL,CLASSICAL,IMMUNOGENIC,1,2,KRASMUT,Mutated,2.132632308,"KRAS, TP53, CDKN2A","KRAS, TP53, COL5A3, ERCC2, CDKN2A",A_137_PDUI,650.55,0.539875519,0.400813707
P138,TCGA-RB-AA9M-01,MSS,43,Stage IIB,G3,R0,2013,Male,WHITE,9.4,LIVING,-1.490817374,2,TCGA-RB-AA9M-01,Grade 3 ,LowPurity,BASAL,CLASSICAL,IMMUNOGENIC,2,2,KRASMUT,Mutated,2.435335409,"KRAS, TP53, CDKN2A","KRAS, TP53, MUC17, CDKN2A",A_138_PDUI,615.74,0.510987552,-0.69309706
P139,TCGA-HV-A5A5-01,MSS,61,Stage IIB,G2,,2012,Female,ASIAN,9.49,LIVING,-0.849728703,4,TCGA-HV-A5A5-01,Grade 3 ,LowPurity,CLASSICAL,EXOCRINE,ADEX,2,2,KRASMUT,,2.233106859,"KRAS, TP53","SGK1, KRAS, TP53",A_139_PDUI,665.48,0.55226556,0.869991752
P14,TCGA-HZ-8637-01,MSS,76,Stage IIB,G3,R0,2012,Female,WHITE,16.98,DECEASED,-1.330945159,3,TCGA-HZ-8637-01,Grade 3 ,LowPurity,CLASSICAL,QM,IMMUNOGENIC,3,2,KRASMUT,,0.443073042,"KRAS, TP53","KRAS, TP53, U2AF1",A_14_PDUI,644.46,0.534821577,0.209434317
P140,TCGA-IB-7887-01,MSS,62,Stage IIB,G2,R1,2009,Female,WHITE,3.61,DECEASED,-1.302126526,3,TCGA-IB-7887-01,Grade 2 ,LowPurity,BASAL,CLASSICAL,PROGENITOR,2,2,KRASMUT,Deleted,0.013601317,"KRAS, TP53","KRAS, SACS, TP53, FLG",A_140_PDUI,631.81,0.525195345,-0.155085577
P141,TCGA-IB-7654-01,MSS,80,Stage IIB,G2,R0,2008,Male,WHITE,15.64,DECEASED,-2.043627503,1,NA,NA,NA,NA,NA,NA,NA,2,KRASMUT,NA,NA,NA,NA,A_141_PDUI,575.13,0.480075125,-1.863668758
P142,TCGA-HZ-A49H-01,Indeterminate,68,Stage IIB,G2,R0,2012,Female,WHITE,16.13,LIVING,-0.921285452,4,TCGA-HZ-A49H-01,Grade 2 ,LowPurity,CLASSICAL,EXOCRINE,ADEX,3,2,KRASMUT,,0.375150334,KRAS,KRAS,A_142_PDUI,675.45,0.560539419,1.183300869
P143,TCGA-HV-A7OL-01,MSS,70,Stage IIA,G2,R2,2012,Male,ASIAN,8.28,LIVING,-1.540834532,2,TCGA-HV-A7OL-01,Grade 2 ,CLASSICAL,CLASSICAL,CLASSICAL,PROGENITOR,2,2,KRASMUT,Mutated,0.707886136,"KRAS, RNF43, TP53, CDKN2A","KRAS, CREBBP, TP53, COL5A1, CDKN2A",A_143_PDUI,721.13,0.598448133,2.618803421
P144,TCGA-FB-A78T-01,Indeterminate,71,Stage IIB,G2,R0,2013,Female,WHITE,12.32,DECEASED,-1.985628641,1,TCGA-FB-A78T-01,Grade 2 ,CLASSICAL,CLASSICAL,EXOCRINE,PROGENITOR,2,2,KRASMUT,Mutated,2.42666805,"CDKN2A, KRAS, TP53, SMAD4","CDKN2A, KRAS, ZFHX3, TP53, SMAD4, STAG2, NUP210L",A_144_PDUI,644.79,0.535095436,0.219804629
P145,TCGA-YB-A89D-01,Indeterminate,59,Stage IIB,G2,R0,2013,Male,WHITE,11.5,LIVING,-1.483100512,2,TCGA-YB-A89D-01,Grade 2 ,LowPurity,CLASSICAL,CLASSICAL,PROGENITOR,2,2,KRASMUT,Mutated,2.643280683,"CDKN2A, KRAS, SMAD4, TP53","CDKN2A, KRAS, SMAD4, ATM, TP53",A_145_PDUI,634.16,0.526273859,-0.114245111
P146,TCGA-HZ-8001-01,Indeterminate,69,Stage III,G2,R0,2011,Male,WHITE,23.19,LIVING,-1.82669883,1,TCGA-HZ-8001-01,Grade 3 ,LowPurity,BASAL,QM,IMMUNOGENIC,1,2,KRASMUT,,0.271156713,"KRAS, TP53, ARID1A","KRAS, TP53, ARID1A",A_146_PDUI,614.67,0.510099585,-0.72672201
P147,TCGA-FB-A4P6-01,MSS,54,Stage IIB,G1,,2012,Male,WHITE,25.2,LIVING,-0.780939635,4,TCGA-FB-A4P6-01,Grade 3 ,LowPurity,CLASSICAL,EXOCRINE,ADEX,3,2,KRASMUT,,0.314292892,KRAS,KRAS,A_147_PDUI,649.8,0.539253112,0.377244817
P148,TCGA-HZ-8317-01,Indeterminate,69,Stage IIB,G1,R1,2012,Female,WHITE,12.42,DECEASED,-2.244853346,1,TCGA-HZ-8317-01,Grade 2 ,CLASSICAL,CLASSICAL,EXOCRINE,ADEX,3,2,KRASMUT,,0.014448719,"SMAD4, GNAS, KRAS","CHD8, SMAD4, RHOA, KRAS",A_148_PDUI,649.15,0.540058236,0.407732739
P15,TCGA-2J-AAB9-01,MSS,70,Stage IIB,G1,R0,2012,Female,WHITE,20.6,DECEASED,-1.072994568,4,TCGA-2J-AAB9-01,Grade 2 ,LowPurity,BASAL,EXOCRINE,ADEX,1,2,KRASMUT,,0.601127993,"KRAS, TP53","KRAS, TP53, KDM6A",A_15_PDUI,639.2,0.530456432,0.044137832
P16,TCGA-IB-A7LX-01,MSS,57,Stage IIB,G2,R0,2012,Male,WHITE,8.21,DECEASED,-1.080185542,3,TCGA-IB-A7LX-01,Grade 3 ,BASAL,BASAL,QM,SQUAMOUS,1,1,KRASMUT,Deleted,0.071180049,KRAS,"KRAS, SF3B1",A_16_PDUI,633.11,0.52540249,-0.147241558
P17,TCGA-IB-7890-01,MSS,73,Stage IB,G3,R0,2008,Male,NA,19.65,DECEASED,-1.388223123,2,TCGA-IB-7890-01,Grade 3 ,BASAL,BASAL,QM,SQUAMOUS,1,2,KRASMUT,Deleted,0.076478056,"KRAS, TP53","KRAS, ZFHX3, TP53",A_17_PDUI,591.81,0.491945137,-1.414182854
P18,TCGA-3A-A9IX-01,MSS,40,Stage IA,G2,R0,2012,Male,WHITE,34.07,LIVING,-0.880222816,4,TCGA-3A-A9IX-01,Grade 2 ,LowPurity,BASAL,EXOCRINE,ADEX,3,2,KRASMUT,,0.566978436,"KRAS, SMAD4","KRAS, SMAD4, FBXW7",A_18_PDUI,630.76,0.523452282,-0.221090748
P19,TCGA-3E-AAAY-01,Indeterminate,67,Stage IIB,G3,,2008,Male,WHITE,75.07,LIVING,-1.172534751,3,TCGA-3E-AAAY-01,Grade 2 ,LowPurity,CLASSICAL,EXOCRINE,ADEX,2,2,KRASMUT,,0.536747076,"KRAS, TP53","KRAS, TP53",A_19_PDUI,668.26,0.554572614,0.957353773
P2,TCGA-IB-7644-01,MSS,65,Stage IV,G2,R1,2011,Female,WHITE,12.94,DECEASED,-1.443044888,2,TCGA-IB-7644-01,Grade 2 ,CLASSICAL,CLASSICAL,CLASSICAL,PROGENITOR,2,2,KRASMUT,,0.074520169,"KRAS, TP53, SMAD4","KRAS, TP53, SMAD4, ADNP",A_2_PDUI,617.24,0.513938385,-0.581356839
P20,TCGA-HV-A5A3-01,MSS,50,Stage IIA,G2,,2012,Male,ASIAN,4.2,DECEASED,-1.062558089,4,TCGA-HV-A5A3-01,Grade 2 ,BASAL,BASAL,CLASSICAL,SQUAMOUS,1,2,KRASMUT,Deleted,0,"KRAS, TP53, SMAD4","KRAS, TP53, SMAD4, PDAP1",A_20_PDUI,663.07,0.551180382,0.828898945
P21,TCGA-US-A774-01,MSS,76,Stage IIB,G3,R0,2011,Female,WHITE,22.83,DECEASED,-1.836811961,1,TCGA-US-A774-01,Grade 2 ,LowPurity,CLASSICAL,EXOCRINE,ADEX,2,2,KRASMUT,,0.088130191,"KRAS, TP53, SMAD4","KRAS, TP53, TAP1, MUC17, SMAD4",A_21_PDUI,597.67,0.495991701,-1.260950193
P22,TCGA-IB-AAUV-01,MSS,49,Stage IIB,G2,R0,2013,Male,WHITE,13.27,LIVING,-1.223123478,3,NA,NA,NA,NA,NA,NA,NA,2,KRASMUT,NA,NA,NA,NA,A_22_PDUI,662.33,0.549651452,0.771002413
P23,TCGA-F2-6880-01,MSS,70,Stage IIB,G1,R0,2009,Male,WHITE,9.69,LIVING,-1.893211485,1,NA,NA,NA,NA,NA,NA,NA,NA,NA,NA,NA,NA,NA,A_23_PDUI,599.98,0.531426041,0.080854364
P24,TCGA-2J-AAB6-01,MSS,75,Stage IIA,G2,R0,2012,Male,WHITE,9.63,DECEASED,-1.072000079,4,TCGA-2J-AAB6-01,Grade 3 ,BASAL,BASAL,QM,SQUAMOUS,1,2,KRASMUT,0,0.165590254,"KRAS, TP53","KRAS, TP53, CDC27",A_24_PDUI,643.3,0.533858921,0.1729811
P25,TCGA-IB-AAUS-01,MSS,84,Stage IIB,G2,R1,2013,Female,WHITE,7.39,LIVING,-1.182934577,3,TCGA-IB-AAUS-01,Grade 2 ,LowPurity,BASAL,EXOCRINE,IMMUNOGENIC,1,2,KRASMUT,,0.525220825,KRAS,"KRAS, MAP2K4, PIK3CA, BCOR",A_25_PDUI,655.57,0.544041494,0.558568147
P26,TCGA-HZ-7923-01,Indeterminate,65,Stage IIA,G2,R0,2011,Male,WHITE,10.32,LIVING,-1.077584891,3,NA,NA,NA,NA,NA,NA,NA,2,KRASMUT,NA,NA,NA,NA,A_26_PDUI,620.93,0.515294606,-0.530000338
P27,TCGA-S4-A8RO-01,MSS,75,Stage IIB,G2,R1,2013,Female,WHITE,17.25,LIVING,-1.456308202,2,TCGA-S4-A8RO-01,Grade 3 ,BASAL,BASAL,CLASSICAL,SQUAMOUS,1,2,KRASMUT,,2.576406031,"KRAS, TP53","KRAS, TP53, KEAP1",A_27_PDUI,659.62,0.54740249,0.685840155
P28,TCGA-IB-AAUN-01,Indeterminate,74,Stage IB,G2,R1,2013,Female,WHITE,4.73,DECEASED,-2.017246694,1,TCGA-IB-AAUN-01,Grade 3 ,BASAL,BASAL,EXOCRINE,ADEX,1,2,KRASMUT,,2.593685215,"SMAD4, KRAS, TP53","MBD1, SMAD4, KRAS, TP53",A_28_PDUI,648.51,0.538182573,0.336706325
P29,TCGA-HZ-7926-01,MSS,57,Stage IIB,G1,RX,2011,Male,BLACK OR AFRICAN AMERICAN,17.02,DECEASED,-1.554541041,2,TCGA-HZ-7926-01,Grade 2 ,LowPurity,CLASSICAL,EXOCRINE,PROGENITOR,3,2,KRASMUT,Mutated,0.196718728,"CDKN2A, KRAS","HIST1H4E, CDKN2A, KRAS, FLT3, NBPF1",A_29_PDUI,612.92,0.509069767,-0.765718475
P3,TCGA-3A-A9IZ-01,MSS,47,Stage IIB,G2,R1,2012,Male,WHITE,10.12,DECEASED,-1.445408749,2,TCGA-3A-A9IZ-01,Grade 1 ,BASAL,BASAL,CLASSICAL,SQUAMOUS,3,2,KRASMUT,0,0.027420424,"KRAS, TP53","KRAS, TP53, FLG, DNMT3A, NOTCH1",A_3_PDUI,603.08,0.50089701,-1.075199148
P30,TCGA-RL-AAAS-01,MSS,60,Stage IB,G2,R0,2013,Female,WHITE,0.3,LIVING,-1.683884943,2,NA,NA,NA,NA,NA,NA,NA,NA,NA,NA,NA,NA,NA,A_30_PDUI,627.25,0.520539419,-0.331393155
P31,TCGA-HV-A5A6-01,MSS,65,Stage IIB,G1,R0,2001,Female,ASIAN,66.89,DECEASED,-0.824957334,4,TCGA-HV-A5A6-01,Grade 2 ,CLASSICAL,CLASSICAL,CLASSICAL,SQUAMOUS,3,2,KRASMUT,,1.911895702,"TP53, KRAS","TP53, KRAS, SPEN",A_31_PDUI,690.56,0.573554817,1.676159515
P32,TCGA-HZ-A8P0-01,MSS,76,Stage IIB,G1,R0,2013,Male,WHITE,0,LIVING,-1.716803948,1,TCGA-HZ-A8P0-01,Grade 2 ,CLASSICAL,CLASSICAL,EXOCRINE,ADEX,2,2,KRASMUT,Mutated,0.576759623,"KRAS, CDKN2A","STK11, KRAS, CDKN2A",A_32_PDUI,675.83,0.560854772,1.19524244
P33,TCGA-2L-AAQI-01,Indeterminate,66,Stage IIB,G3,R1,2011,Male,WHITE,3.38,DECEASED,-2.059811812,1,TCGA-2L-AAQI-01,Grade 3 ,LowPurity,BASAL,EXOCRINE,PROGENITOR,3,2,KRASMUT,,0.162355267,"KRAS, TP53","KRAS, TP53, DIAPH1, KDM6A",A_33_PDUI,612.55,0.508340249,-0.793343407
P34,TCGA-3A-A9I7-01,MSS,45,Stage IIB,G2,R0,2010,Male,BLACK OR AFRICAN AMERICAN,43.46,LIVING,-1.232232111,3,TCGA-3A-A9I7-01,Grade 3 ,LowPurity,CLASSICAL,EXOCRINE,IMMUNOGENIC,2,2,KRASMUT,Mutated,3.166617221,"KRAS, CDKN2A, TP53","KRAS, CDKN2A, TP53",A_34_PDUI,649.8,0.539253112,0.377244817
P35,TCGA-IB-8126-01,MSS,79,Stage III,G1,R1,2011,Female,WHITE,15.18,LIVING,-1.411345792,2,TCGA-IB-8126-01,Grade 2 ,LowPurity,CLASSICAL,EXOCRINE,ADEX,3,2,KRASMUT,,0.106224632,KRAS,"KRAS, ALK, TET2",A_35_PDUI,639.32,0.535892707,0.249995199
P36,TCGA-3A-A9IH-01,MSS,66,Stage IA,G2,R0,2012,Female,WHITE,33.54,LIVING,-1.61291575,2,TCGA-3A-A9IH-01,Grade 1 ,BASAL,BASAL,CLASSICAL,PROGENITOR,2,2,KRASMUT,,3.351400992,"KRAS, TP53, SMAD4","KRAS, TP53, SMAD4, APC",A_36_PDUI,620.3,0.514771784,-0.549798206
P37,TCGA-HZ-A49I-01,Indeterminate,77,Stage IIB,G2,R1,2012,Male,WHITE,10.12,DECEASED,-0.716307344,4,TCGA-HZ-A49I-01,Grade 2 ,CLASSICAL,CLASSICAL,CLASSICAL,PROGENITOR,2,2,KRASMUT,,0.261525627,"KRAS, TP53","KRAS, TP53",A_37_PDUI,660.08,0.547784232,0.700295741
P38,TCGA-Q3-AA2A-01,MSS,64,Stage IB,G1,RX,2013,Female,WHITE,3.12,LIVING,-0.764032041,4,TCGA-Q3-AA2A-01,Grade 2 ,CLASSICAL,CLASSICAL,CLASSICAL,PROGENITOR,2,2,KRASMUT,,0.489153298,KRAS,KRAS,A_38_PDUI,716.87,0.595406977,2.503642899
P39,TCGA-IB-A5SP-01,MSS,77,Stage IIA,G2,R1,2011,Male,WHITE,15.83,LIVING,-1.601625854,2,TCGA-IB-A5SP-01,Grade 2 ,CLASSICAL,CLASSICAL,CLASSICAL,PROGENITOR,2,2,KRASMUT,Methylated,0.363272163,"SMAD4, RREB1, KRAS, TP53","SMAD4, GATA3, KRAS, TP53, SF3B1",A_39_PDUI,640.87,0.532726517,0.130099956
P4,TCGA-XD-AAUG-01,MSS,66,Stage IV,G2,R0,2013,Female,WHITE,13.8,LIVING,-1.116461146,3,TCGA-XD-AAUG-01,Grade 3 ,LowPurity,CLASSICAL,EXOCRINE,IMMUNOGENIC,2,2,KRASMUT,,0.745344592,"KRAS, TP53","KRAS, TP53, SPEN",A_4_PDUI,625.88,0.51940249,-0.374445662
P40,TCGA-XD-AAUI-01,MSS,50,Stage IIB,G2,R1,2013,Female,WHITE,12.02,DECEASED,-1.163534937,3,TCGA-XD-AAUI-01,Grade 3 ,LowPurity,BASAL,EXOCRINE,IMMUNOGENIC,1,2,KRASMUT,Deleted,0.422545532,"KRAS, TP53","KRAS, TP53, MTOR, MYCN, XIRP2",A_40_PDUI,650.03,0.539443983,0.38447261
P41,TCGA-Q3-A5QY-01,MSS,58,Stage IIB,G2,R0,2012,Male,WHITE,13.67,LIVING,-0.853587635,4,TCGA-Q3-A5QY-01,Grade 3 ,LowPurity,BASAL,QM,IMMUNOGENIC,3,2,KRASMUT,,0.550094381,"KRAS, TP53","KRAS, TP53",A_41_PDUI,683.55,0.567261411,1.437844885
P42,TCGA-IB-7646-01,MSS,60,Stage IIB,G2,R1,2007,Male,WHITE,4.76,DECEASED,-2.178967491,1,TCGA-IB-7646-01,Grade 3 ,LowPurity,BASAL,QM,SQUAMOUS,1,2,KRASMUT,Deleted,0,"KRAS, TP53","ANK3, KRAS, ING1, TP53, SMARCA4",A_42_PDUI,582.77,0.488491199,-1.544974354
P43,TCGA-HZ-A9TJ-01,MSS,70,Stage IV,G2,R0,2013,Male,WHITE,19.81,LIVING,-1.458536621,2,TCGA-HZ-A9TJ-01,Grade 2 ,CLASSICAL,CLASSICAL,CLASSICAL,PROGENITOR,2,2,KRASMUT,Mutated,4.168155381,"KRAS, TP53, CDKN2A","KRAS, TP53, MUC17, CDKN2A",A_43_PDUI,616.53,0.512068106,-0.652179326
P44,TCGA-FB-AAPP-01,MSS,81,Stage IIB,G3,R0,2013,Male,WHITE,15.93,DECEASED,-1.133988197,3,NA,NA,NA,NA,NA,NA,NA,2,KRASMUT,NA,NA,NA,NA,A_45_PDUI,645.36,0.535568465,0.237716986
P46,TCGA-IB-AAUU-01,MSI-L,35,Stage IIB,G3,R0,2013,Male,WHITE,8.05,LIVING,-1.18605156,3,TCGA-IB-AAUU-01,Grade 3 ,CLASSICAL,CLASSICAL,CLASSICAL,PROGENITOR,2,2,KRASMUT,Deleted,0.15245589,"TP53, KRAS, ARID1A","TP53, POU2AF1, KRAS, ERCC2, ARID1A",A_46_PDUI,656.55,0.545307309,0.606501215
P47,TCGA-HZ-7925-01,Indeterminate,66,Stage IIB,G2,R0,2011,Male,WHITE,20.17,DECEASED,-1.626047207,2,TCGA-HZ-7925-01,Grade 2 ,LowPurity,BASAL,QM,IMMUNOGENIC,2,2,KRASMUT,,0.153425563,"KRAS, TP53","KRAS, MPO, TP53",A_47_PDUI,594.14,0.493881962,-1.340840438
P48,TCGA-2J-AABR-01,MSS,60,Stage IIA,G3,R0,2013,Female,WHITE,14.39,LIVING,-0.967785987,4,TCGA-2J-AABR-01,Grade 2 ,LowPurity,BASAL,EXOCRINE,ADEX,3,2,KRASMUT,,0.332623645,"KRAS, TP53","KRAS, TP53",A_48_PDUI,646.49,0.536506224,0.273227447
P49,TCGA-FB-A5VM-01,MSS,74,Stage IB,G3,R0,2012,Male,WHITE,16.36,DECEASED,-3.072692722,1,TCGA-FB-A5VM-01,Grade 3 ,LowPurity,BASAL,QM,SQUAMOUS,1,2,KRASMUT,,0.090742416,"TP53, KRAS","TP53, KRAS, COL5A3",A_49_PDUI,656.89,0.545136929,0.600049394
P5,TCGA-HZ-8002-01,Indeterminate,61,Stage IIB,G2,R0,2011,Male,WHITE,12.02,DECEASED,-1.732404208,1,TCGA-HZ-8002-01,Grade 3 ,LowPurity,BASAL,EXOCRINE,ADEX,1,2,KRASMUT,,0.315557378,KRAS,KRAS,A_5_PDUI,594.25,0.494796003,-1.306228105
P50,TCGA-3A-A9IB-01,MSS,69,Stage IIB,G3,R0,2011,Female,WHITE,7.36,DECEASED,-2.119418134,1,TCGA-3A-A9IB-01,Grade 3 ,BASAL,BASAL,QM,SQUAMOUS,1,2,KRASMUT,,3.580465505,"KRAS, TP53","KRAS, TP53, TAP1",A_50_PDUI,603.56,0.500879668,-1.07585584
P51,TCGA-3A-A9IC-01,MSS,61,Stage IIB,G2,R0,2011,Female,WHITE,24.24,DECEASED,-1.689743248,2,TCGA-3A-A9IC-01,Grade 2 ,CLASSICAL,CLASSICAL,QM,SQUAMOUS,1,2,KRASMUT,,2.457335329,"KRAS, TGFBR2","KRAS, TGFBR2, MUC17, FBXW7",A_51_PDUI,630.24,0.523020747,-0.237431845
P52,TCGA-H6-8124-01,MSS,56,Stage IIB,G3,R0,2011,Female,WHITE,12.88,LIVING,-1.462955519,2,TCGA-H6-8124-01,Grade 3 ,BASAL,BASAL,QM,SQUAMOUS,1,2,KRASMUT,Mutated,2.600742899,"KRAS, TP53, CDKN2A","KRAS, TP53, CUX1, CDKN2A",A_52_PDUI,654.51,0.544517471,0.576592139
P53,TCGA-IB-AAUM-01,Indeterminate,76,Stage IIB,G3,R0,2013,Male,WHITE,0.26,LIVING,-0.809975772,4,TCGA-IB-AAUM-01,Grade 2 ,LowPurity,CLASSICAL,EXOCRINE,ADEX,3,2,KRASMUT,,0.183604114,"KRAS, SMAD4","KRAS, SMAD4, FLG, KEL, AZGP1",A_53_PDUI,642.58,0.533704319,0.167126723
P54,TCGA-IB-7649-01,MSS,73,Stage IIB,G2,R1,2007,Female,NA,15.34,DECEASED,-1.528974065,2,TCGA-IB-7649-01,Grade 3 ,LowPurity,CLASSICAL,EXOCRINE,ADEX,2,2,KRASMUT,Mutated,0.293290867,"CDKN2A, KRAS, TP53","CDKN2A, KRAS, TP53, RBM10",A_54_PDUI,614.64,0.515205365,-0.533379665
P55,TCGA-2J-AABV-01,Indeterminate,74,Stage IIB,G4,R1,2012,Male,WHITE,21.42,DECEASED,-1.262473765,3,TCGA-2J-AABV-01,Grade 2 ,LowPurity,CLASSICAL,EXOCRINE,ADEX,3,2,KRASMUT,,0.164690633,"KRAS, TP53","ATM, KRAS, TP53",A_55_PDUI,677.05,0.594947276,2.486235247
P56,TCGA-FB-AAQ1-01,MSS,49,Stage IIB,G2,R1,2011,Male,WHITE,4.04,DECEASED,-1.433077257,2,TCGA-FB-AAQ1-01,Grade 3 ,BASAL,BASAL,EXOCRINE,ADEX,3,2,KRASMUT,,2.425169762,KRAS,"KRAS, FLG",A_56_PDUI,668.98,0.555170124,0.979979908
P57,TCGA-M8-A5N4-01,MSS,48,Stage IIA,G2,R1,,Female,NA,19.19,LIVING,-0.878812707,4,TCGA-M8-A5N4-01,Grade 3 ,BASAL,BASAL,CLASSICAL,PROGENITOR,1,2,KRASMUT,,2.874324496,"KRAS, TP53","KRAS, TP53, SPEN",A_57_PDUI,663.77,0.551303987,0.833579513
P58,TCGA-L1-A7W4-01,MSS,48,Stage IIB,G3,R2,2013,Female,WHITE,9.13,DECEASED,-1.53888947,2,NA,NA,NA,NA,NA,NA,NA,2,KRASMUT,NA,NA,NA,NA,A_58_PDUI,633.89,0.526924356,-0.089612519
P59,TCGA-YH-A8SY-01,MSI-L,73,Stage III,G2,,2011,Female,WHITE,12.75,LIVING,-1.238207635,3,TCGA-YH-A8SY-01,Grade 2 ,LowPurity,BASAL,QM,SQUAMOUS,1,2,KRASMUT,,0.07752697,"KRAS, TP53","KRAS, CREBBP, TP53, RASA1, FBXW7",A_59_PDUI,659.08,0.546954357,0.668870554
P6,TCGA-IB-7885-01,MSS,78,Stage IIB,G2,R0,2010,Female,WHITE,41.29,LIVING,-1.34648258,3,TCGA-IB-7885-01,Grade 3 ,LowPurity,BASAL,QM,SQUAMOUS,1,2,KRASMUT,,0.106142101,"KRAS, TGFBR2","KRAS, EP300, TGFBR2",A_6_PDUI,633.32,0.525576763,-0.140642269
P60,TCGA-S4-A8RP-01,MSS,77,Stage IIB,G3,R0,2010,Female,WHITE,23.06,DECEASED,-0.735020194,4,TCGA-S4-A8RP-01,Grade 2 ,CLASSICAL,CLASSICAL,EXOCRINE,PROGENITOR,2,2,KRASMUT,0,0.520070091,"SMAD4, KRAS","SMAD4, SGK1, KRAS",A_60_PDUI,652.56,0.541543568,0.463978333
P61,TCGA-US-A77G-01,Indeterminate,64,Stage IIB,G2,R0,2010,Male,WHITE,0.39,DECEASED,-1.477000554,2,TCGA-US-A77G-01,Grade 2 ,CLASSICAL,CLASSICAL,EXOCRINE,PROGENITOR,3,2,KRASMUT,Mutated,1.172311049,"SMAD4, KRAS, CDKN2A","SMAD4, KRAS, HLA-A, CDKN2A",A_61_PDUI,639.36,0.5310299,0.065853576
P62,TCGA-HZ-A49G-01,MSS,58,Stage IIB,G2,R1,2012,Female,WHITE,21.68,LIVING,-0.847759257,4,TCGA-HZ-A49G-01,Grade 3 ,LowPurity,CLASSICAL,EXOCRINE,ADEX,3,2,KRASMUT,Mutated,0.212009661,"KRAS, TP53, CDKN2A","KRAS, TP53, CDKN2A",A_62_PDUI,663.63,0.55073029,0.811855156
P63,TCGA-F2-A8YN-01,MSS,76,Stage IIA,G2,R1,2013,Male,WHITE,16.98,LIVING,-1.527602313,2,TCGA-F2-A8YN-01,Grade 2 ,BASAL,BASAL,CLASSICAL,PROGENITOR,1,2,KRASMUT,,3.572072036,"TP53, KRAS","TP53, KRAS, XIRP2",A_63_PDUI,633.81,0.525983402,-0.125243927
P64,TCGA-IB-7897-01,MSS,53,Stage IIB,G2,R0,2008,Female,WHITE,15.97,DECEASED,-1.977539872,1,TCGA-IB-7897-01,Grade 2 ,LowPurity,BASAL,QM,IMMUNOGENIC,2,2,KRASMUT,,0.334763693,KRAS,"KRAS, CHD4",A_64_PDUI,580.08,0.484207012,-1.707205164
P65,TCGA-HZ-8003-01,MSS,65,Stage IIB,G2,R0,2011,Female,WHITE,19.58,DECEASED,-1.640043168,2,TCGA-HZ-8003-01,Grade 2 ,LowPurity,CLASSICAL,EXOCRINE,ADEX,3,2,KRASMUT,,0.169178906,"KRAS, TP53","KRAS, TP53, EZR",A_65_PDUI,586.17,0.491753356,-1.42144511
P66,TCGA-Z5-AAPL-01,MSS,74,Stage IIA,G1,R0,2013,Female,WHITE,15.34,LIVING,-0.767780414,4,TCGA-Z5-AAPL-01,Grade 2 ,LowPurity,CLASSICAL,QM,IMMUNOGENIC,3,2,KRASMUT,,0.023472168,"KRAS, TP53, PBRM1","KRAS, TP53, PBRM1, FAT1",A_66_PDUI,663.22,0.550390041,0.798970829
P67,TCGA-FB-A4P5-01,MSS,69,Stage IIB,G2,R0,2012,Female,WHITE,5.88,DECEASED,-1.117735889,3,TCGA-FB-A4P5-01,Grade 2 ,LowPurity,BASAL,EXOCRINE,ADEX,1,2,KRASMUT,,0.082178463,"KRAS, TP53","KRAS, FRMD7, TP53",A_67_PDUI,663.78,0.550854772,0.816568934
P68,TCGA-FB-A545-01,MSS,72,Stage IIB,G2,,2012,Female,WHITE,24.05,DECEASED,-0.435205247,4,TCGA-FB-A545-01,Grade 3 ,BASAL,BASAL,QM,SQUAMOUS,3,1,KRASMUT,Mutated,2.750753589,"CDKN2A, KRAS, TP53","CDKN2A, KRAS, TP53",A_68_PDUI,674.88,0.560531561,1.183003322
P69,TCGA-2J-AABT-01,MSS,72,Stage IIB,G2,R0,2012,Female,WHITE,10.48,LIVING,-0.537145644,4,TCGA-2J-AABT-01,Grade 2 ,LowPurity,CLASSICAL,CLASSICAL,IMMUNOGENIC,2,2,KRASMUT,,0.071454159,KRAS,"FBXW7, KRAS",A_69_PDUI,630.42,0.523170124,-0.231775312
P7,TCGA-2L-AAQJ-01,MSI-L,49,Stage III,G2,R1,2010,Female,WHITE,12.94,DECEASED,-2.039988917,1,TCGA-2L-AAQJ-01,Grade 3 ,CLASSICAL,CLASSICAL,CLASSICAL,PROGENITOR,1,2,KRASMUT,,3.472625393,"KRAS, TP53, TGFBR2","KRAS, SACS, TP53, TGFBR2",A_7_PDUI,616.12,0.511302905,-0.681155489
P70,TCGA-2J-AABE-01,Indeterminate,73,Stage IIA,G2,R0,2012,Male,WHITE,22.21,LIVING,-0.902624232,4,TCGA-2J-AABE-01,Grade 2 ,BASAL,BASAL,CLASSICAL,PROGENITOR,1,2,KRASMUT,,0.463922558,"SMAD4, KRAS, RNF43","SMAD4, KRAS, CD1D",A_70_PDUI,641.77,0.532589212,0.124900563
P71,TCGA-2L-AAQA-01,MSS,76,Stage IIB,G2,R1,2010,Male,WHITE,4.7,DECEASED,-1.475808776,2,TCGA-2L-AAQA-01,Grade 2 ,CLASSICAL,CLASSICAL,CLASSICAL,PROGENITOR,1,2,KRASMUT,Methylated,0.968946139,"RNF43, KRAS, TP53","KRAS, TP53, ALPK2, PDCD2L, PIK3CA",A_71_PDUI,646.57,0.536572614,0.275741462
P72,TCGA-2L-AAQL-01,MSS,82,Stage IIB,G3,RX,2011,Male,WHITE,9.59,DECEASED,-1.317291014,3,TCGA-2L-AAQL-01,Grade 3 ,CLASSICAL,CLASSICAL,EXOCRINE,PROGENITOR,2,2,KRASMUT,,0.585871154,"TGFBR2, KRAS, TP53","TGFBR2, KRAS, CHD8, TP53, KEL, COL5A1",A_72_PDUI,700.22,0.581095436,1.961702756
P73,TCGA-IB-A6UG-01,MSS,65,Stage IIB,G3,R1,2012,Male,WHITE,1.35,DECEASED,-1.441196894,2,TCGA-IB-A6UG-01,Grade 3 ,LowPurity,BASAL,EXOCRINE,ADEX,1,2,KRASMUT,Mutated,1.734521959,"KRAS, TP53, CDKN2A","STK11, KRAS, TP53, CDKN2A",A_73_PDUI,654.65,0.543278008,0.529656975
P74,TCGA-2J-AABO-01,MSS,43,Stage IIB,G2,R0,2013,Male,WHITE,14.45,LIVING,-1.460698371,2,TCGA-2J-AABO-01,Grade 3 ,LowPurity,BASAL,EXOCRINE,ADEX,1,2,KRASMUT,,0.200934071,"KRAS, TP53","KRAS, ERBB3, TP53, EP300, BCLAF1, CHD4",A_74_PDUI,635.73,0.527576763,-0.064907567
P75,TCGA-HV-AA8V-01,MSS,50,Stage IIB,G3,R2,2012,Male,ASIAN,30.22,LIVING,-0.816181814,4,TCGA-HV-AA8V-01,Grade 2 ,LowPurity,BASAL,CLASSICAL,SQUAMOUS,1,2,KRASMUT,,0.180959942,"KRAS, TP53, SMAD4, GNAS","IPO7, KRAS, TP53, SMAD4, MAP4K3",A_75_PDUI,655.7,0.544149378,0.562653421
P76,TCGA-HZ-8005-01,MSS,81,Stage IIB,G3,R1,2012,Male,WHITE,3.94,DECEASED,-2.292836152,1,TCGA-HZ-8005-01,Grade 3 ,BASAL,BASAL,QM,SQUAMOUS,1,2,KRASMUT,Mutated,1.22193953,"CDKN2A, KRAS, TP53","CDKN2A, KRAS, ZFHX3, TP53",A_76_PDUI,579.68,0.481062241,-1.826289311
P77,TCGA-F2-A44H-01,MSS,65,Stage IIA,G2,R0,2012,Male,WHITE,19.25,LIVING,-0.758172361,4,TCGA-F2-A44H-01,Grade 2 ,LowPurity,CLASSICAL,EXOCRINE,ADEX,3,2,KRASMUT,Deleted,0.157764354,0,"TBX3, ALPK2, RBM10",A_77_PDUI,651.06,0.541197007,0.450854987
P78,TCGA-IB-7651-01,MSS,64,Stage IIB,G2,R0,2009,Female,WHITE,19.81,DECEASED,-1.857972178,1,TCGA-IB-7651-01,Grade 3 ,LowPurity,CLASSICAL,EXOCRINE,IMMUNOGENIC,2,2,KRASMUT,,0.67898063,"KRAS, RNF43, SMAD4, ARID1A, GNAS, TGFBR2, PBRM1, RREB1","GOT1, SMC3, TCF7L2, FGFR2, CCDC6, ANK3, ARID5B, GATA3, TBC1D12, ATM, MICALCL, HRAS, INPPL1, GNPTAB, PTPN11, TBX3, POLE, KRAS, ARID2, ACVR1B, ITGB7, ERBB3, ATP5B, CDK4, CHD4, NTN4, ING1, SACS, WASF3, FLT3, RB1, AKT1, CHD8, FOXA1, OTUD7A, MGA, TP53BP1, MAP2K1, LCTL, IDH2, CREBBP, CTCF, CDH1, ZFHX3, PLCG2, MAP2K4, NCOR1, NF1, CDK12, ERBB2, BRCA1, MPO, CD79B, DDX5, GNA13, AXIN2, ZNF750, CEP76, MBD1, SMAD4, ALPK2, SERPINB13, COL5A3, KEAP1, SMARCA4, STK11, ALKBH6, ZNF180, ERCC2, ARHGAP35, PPP2R1A, ZNF471, MTOR, NRAS, FAM46C, FLG, NUP210L, CD1D, SPEN, EPHA2, NBPF1, SELP, GNB1, ELF3, IRF6, ITPKB, CNKSR1, ARID1A, OMA1, TPX2, TTLL9, ASXL1, ADNP, SMARCB1, APOL2, EP300, ZRANB3, MYCN, XIRP2, CASP8, IDH1, DNER, DNMT3A, ASXL2, SOS1, MAP4K3, XPO1, PCBP1, TGFBR2, ACVR2B, ZNF620, CTNNB1, SETD2, PBRM1, DNAH12, TET2, FBXW7, FGFBP1, FGFR3, SNX25, FAT1, KIT, ODAM, APC, DIAPH1, NSD1, IL7R, MAP3K1, PIK3R1, BHMT2, RASA1, PRDM1, MED23, SGK1, BCLAF1, QKI, CAP2, HIST1H3B, HIST1H1E, HLA-A, TAP1, MUC17, CUX1, SLC26A3, MET, KEL, EZH2, CARD11, EGFR, GUSB, AZGP1, RAD21, TCEB1, PPP6C, TSC1, RXRA, COL5A1, NOTCH1, FAM166A, ACO1, MORC4, CUL4B, FRMD7, MXRA5, BCOR, DDX3X, RBM10, KDM5C, SMC1A, MED12",A_78_PDUI,584.99,0.48546888,-1.659421567
P79,TCGA-FB-AAQ2-01,MSS,81,Stage IIB,G3,R1,2011,Female,WHITE,5.03,DECEASED,-1.26965996,3,TCGA-FB-AAQ2-01,Grade 3 ,BASAL,BASAL,QM,SQUAMOUS,1,2,KRASMUT,,1.262577104,"KRAS, TP53","KRAS, TP53, TET2",A_79_PDUI,629.29,0.522232365,-0.267285773
P8,TCGA-2J-AABU-01,MSS,56,Stage IIB,G3,R0,2012,Male,WHITE,9.1,DECEASED,-1.746632827,1,TCGA-2J-AABU-01,Grade 3 ,BASAL,BASAL,QM,SQUAMOUS,1,2,KRASMUT,Deleted,0.087454377,"KRAS, TP53","KRAS, TP53, SMARCA4",A_8_PDUI,644.4,0.534771784,0.207548806
P80,TCGA-3E-AAAZ-01,MSS,71,Stage IIA,G2,,2008,Male,WHITE,71.68,DECEASED,-1.055100019,4,TCGA-3E-AAAZ-01,Grade 2 ,CLASSICAL,CLASSICAL,EXOCRINE,PROGENITOR,2,2,KRASMUT,,0.679670691,"KRAS, RNF43, SMAD4","ATM, KRAS, SMAD2, SMAD4",A_80_PDUI,637.24,0.528829876,-0.017455535
P81,TCGA-FB-AAPY-01,MSS,71,Stage IIB,G2,R0,2007,Male,WHITE,34.79,DECEASED,-1.432319603,2,TCGA-FB-AAPY-01,Grade 2 ,LowPurity,CLASSICAL,EXOCRINE,PROGENITOR,2,2,KRASMUT,,0.949302153,"TP53, KRAS, SMAD4","TP53, KRAS, MAP2K4, SMAD4, KDM6A",A_81_PDUI,638.55,0.529917012,0.023711461
P82,TCGA-US-A779-01,MSS,54,Stage IIB,G1,R0,2011,Female,WHITE,16.79,DECEASED,-2.50713281,1,TCGA-US-A779-01,Grade 2 ,CLASSICAL,CLASSICAL,CLASSICAL,PROGENITOR,2,2,KRASMUT,Deleted,0.058889469,"TP53, KRAS","TP53, KRAS, CREBBP, RAD21",A_82_PDUI,651.94,0.541029046,0.444494717
P83,TCGA-IB-7891-01,MSS,49,Stage IIB,G1,R0,2011,Female,WHITE,29.99,DECEASED,-1.306215934,3,TCGA-IB-7891-01,Grade 2 ,LowPurity,CLASSICAL,EXOCRINE,ADEX,3,2,KRASMUT,,0.24185693,"TP53, SMAD4, KRAS","TP53, SMAD4, CASP8, KRAS",A_83_PDUI,589.11,0.49256689,-1.390638735
P84,TCGA-3A-A9J0-01,MSS,75,Stage IIB,G2,R0,2012,Male,WHITE,24.41,LIVING,-0.889192942,4,TCGA-3A-A9J0-01,Grade 1 ,CLASSICAL,CLASSICAL,CLASSICAL,PROGENITOR,1,2,KRASMUT,Deleted,0.056194279,TP53,"ERBB2, TP53, CTNNB1",A_84_PDUI,632.26,0.524697095,-0.173952967
P85,TCGA-FB-AAPU-01,MSS,41,Stage IIA,G2,R1,2008,Female,ASIAN,12.52,DECEASED,-1.948885249,1,TCGA-FB-AAPU-01,Grade 2 ,CLASSICAL,CLASSICAL,CLASSICAL,PROGENITOR,2,2,KRASMUT,Deleted,0.041518865,KRAS,KRAS,A_85_PDUI,603.85,0.501536545,-1.050981656
P86,TCGA-F2-7276-01,Indeterminate,64,Stage IIB,G1,R0,2011,Male,WHITE,7.1,DECEASED,-1.027766019,4,NA,NA,NA,NA,NA,NA,NA,2,KRASMUT,NA,NA,NA,NA,A_86_PDUI,597.39,0.496171096,-1.254156976
P87,TCGA-IB-7645-01,MSS,44,Stage IIB,G1,R0,2007,Female,NA,49.34,DECEASED,-0.926644032,4,TCGA-IB-7645-01,Grade 2 ,LowPurity,CLASSICAL,QM,IMMUNOGENIC,2,2,KRASMUT,,0.302242323,"KRAS, TP53, PBRM1","KRAS, TP53, PBRM1",A_87_PDUI,595.53,0.497103506,-1.218849099
P88,TCGA-FB-AAPQ-01,MSI-L,65,Stage IIB,G2,R0,2008,Male,WHITE,37.12,DECEASED,-1.330320622,3,TCGA-FB-AAPQ-01,Grade 2 ,CLASSICAL,CLASSICAL,CLASSICAL,PROGENITOR,1,2,KRASMUT,,1.179934933,"TP53, KRAS, SMAD4","TP53, KRAS, SMAD4",A_88_PDUI,631.41,0.52442691,-0.184184162
P89,TCGA-IB-7886-01,MSS,80,Stage IIB,G3,R1,2010,Male,WHITE,4.04,DECEASED,-1.637264067,2,TCGA-IB-7886-01,Grade 3 ,CLASSICAL,CLASSICAL,CLASSICAL,PROGENITOR,3,1,KRASMUT,Mutated,0.700350949,"TP53, SMAD4, KRAS, CDKN2A","TP53, SMAD4, KRAS, FAT1, COL5A1, CDKN2A",A_89_PDUI,576.55,0.480058285,-1.864306461
P9,TCGA-HZ-8315-01,MSS,54,Stage IIA,G2,R1,2012,Female,WHITE,9.82,DECEASED,-2.132204078,1,TCGA-HZ-8315-01,Grade 2 ,LowPurity,BASAL,EXOCRINE,ADEX,1,2,KRASMUT,Deleted,0.139605657,"ARID1A, KRAS, TP53","ARID1A, KRAS, SPOP, TP53, ADNP, SOX17, ZNF483",A_9_PDUI,671.76,0.55840399,1.102437828
P90,TCGA-YY-A8LH-01,MSS,61,Stage IIB,G3,R0,2009,Female,WHITE,66.23,LIVING,-1.519792347,2,TCGA-YY-A8LH-01,Grade 3 ,CLASSICAL,CLASSICAL,CLASSICAL,PROGENITOR,2,2,KRASMUT,Methylated,0.30952449,"KRAS, RNF43, ARID1A","KRAS, PPP2R1A, ARID1A, DNER, BCOR",A_90_PDUI,643.26,0.533825726,0.171724092
P91,TCGA-IB-7888-01,MSS,66,Stage IIA,G2,R0,2008,Female,BLACK OR AFRICAN AMERICAN,43.76,DECEASED,-1.777409177,1,TCGA-IB-7888-01,Grade 2 ,LowPurity,CLASSICAL,CLASSICAL,IMMUNOGENIC,2,2,KRASMUT,,0.374534777,"TP53, RREB1, KRAS","TP53, SLC1A3, COL5A1, KRAS",A_91_PDUI,587.37,0.490292154,-1.476776962
P92,TCGA-LB-A7SX-01,MSS,74,Stage IIB,G2,R1,2013,Female,BLACK OR AFRICAN AMERICAN,12.91,DECEASED,-1.318837333,3,TCGA-LB-A7SX-01,Grade 2 ,BASAL,BASAL,CLASSICAL,PROGENITOR,2,2,NO,Deleted,0.134962045,"TP53, PBRM1","FBXW7, TRAF3, TP53, GNB1, CTNNB1, PBRM1",A_92_PDUI,665.13,0.552433555,0.876353265
P93,TCGA-IB-A6UF-01,MSS,63,Stage IIB,G2,R1,2012,Male,WHITE,21.88,LIVING,-1.778614356,1,TCGA-IB-A6UF-01,Grade 3 ,BASAL,BASAL,EXOCRINE,SQUAMOUS,1,2,KRASMUT,Deleted,0.172861631,"KRAS, TP53","KRAS, TP53, ZNF750, PDAP1",A_93_PDUI,654.22,0.542921162,0.516144144
P94,TCGA-FB-AAQ0-01,MSI-L,68,Stage IIA,G3,R0,2011,Male,WHITE,15.54,DECEASED,-0.987860133,4,TCGA-FB-AAQ0-01,Grade 3 ,CLASSICAL,CLASSICAL,CLASSICAL,PROGENITOR,1,2,KRASMUT,Deleted,0.067757286,"KRAS, TP53","KRAS, TP53, TAP1",A_94_PDUI,663.27,0.550431535,0.800542089
P95,TCGA-2J-AAB8-01,MSS,71,Stage IIB,G3,R1,2012,Male,WHITE,2.63,LIVING,-1.125539479,3,TCGA-2J-AAB8-01,Grade 2 ,LowPurity,CLASSICAL,CLASSICAL,PROGENITOR,1,2,KRASMUT,,1.258652187,"KRAS, TP53, SMAD4","KRAS, TP53, SMAD4, MUC17",A_95_PDUI,654.68,0.543302905,0.53059973
P96,TCGA-F2-7273-01,Indeterminate,54,Stage IIB,G3,R1,2011,Male,BLACK OR AFRICAN AMERICAN,19.45,DECEASED,-1.263511589,3,NA,NA,NA,NA,NA,NA,NA,2,KRASMUT,NA,NA,NA,NA,A_96_PDUI,590.6,0.492166667,-1.405794118
P97,TCGA-F2-A44G-01,MSI-L,79,Stage IIB,G2,R1,2012,Female,WHITE,7.65,DECEASED,-0.863231577,4,TCGA-F2-A44G-01,Grade 3 ,LowPurity,CLASSICAL,CLASSICAL,PROGENITOR,1,2,KRASMUT,Deleted,0.042987973,"KRAS, GNAS","KRAS, SETDB1",A_97_PDUI,663.67,0.550763485,0.813112164
P98,TCGA-2L-AAQE-01,MSS,56,Stage IIB,G2,R0,2011,Male,WHITE,22.47,DECEASED,-1.710440585,1,TCGA-2L-AAQE-01,Grade 3 ,BASAL,BASAL,CLASSICAL,SQUAMOUS,1,2,KRASMUT,Mutated,3.461477182,"KRAS, TP53, CDKN2A","KRAS, TP53, FLG, BCLAF1, CDKN2A",A_98_PDUI,614.72,0.510564784,-0.709106157
P99,TCGA-OE-A75W-01,MSI-L,75,Stage IIA,G1,R0,2013,Male,WHITE,8.77,DECEASED,-2.235208486,1,TCGA-OE-A75W-01,Grade 3 ,CLASSICAL,CLASSICAL,CLASSICAL,PROGENITOR,2,2,KRASMUT,Mutated,2.656342218,"KRAS, TP53, RREB1, CDKN2A","KRAS, NF1, TP53, ZNF471, NOTCH1, CDKN2A",A_99_PDUI,708.94,0.58833195,2.235730389
